fiyat,genislik,toplam_hacim,yukseklik,derinlik
19.001 TL,70 cm,451-475 L,187 cm,72 cm
16.000 TL,70 cm,351-375 L,172 cm,65 cm
10.522 TL,55 cm,226-250 L,143 cm,55 cm
6.450 TL,45 cm,200 L ve altı,87 cm,52 cm
999 TL,31 cm,201-225 L,33 cm,30 cm ve altı
"5.181,91 TL",44 cm,200 L ve altı,101 cm,44 cm
5.949 TL,47 cm,201-225 L,86 cm,45 cm
29.999 TL,90 cm,551-575 L,176 cm,71 cm
25.900 TL,70 cm,451-475 L,186 cm,74 cm
1.999 TL,,200 L ve altı,,30 cm ve altı
"4.996,03 TL",44 cm,200 L ve altı,63 cm,51 cm
1.599 TL,31 cm,201-225 L,101 cm,30 cm ve altı
22.900 TL,70 cm,451-475 L,186 cm,74 cm
18.999 TL,70 cm,426-450 L,188 cm,66 cm
38.601 TL,84 cm,576-600 L,186 cm,75 cm
66.999 TL,69 cm,501-525 L,186 cm,70 cm
5.259 TL,47 cm,576-600 L,82 cm,50 cm
19.999 TL,70 cm,451-475 L,185 cm,64 cm
34.799 TL,77 cm,551-575 L,187 cm,72 cm
33.000 TL,79 cm,501-525 L,179 cm,72 cm
29.000 TL,70 cm,526-550 L,186 cm,80 cm
12.199 TL,60 cm,276-300 L,178 cm,55 cm
14.999 TL,54 cm,576-600 L,166 cm,63 cm
25.000 TL,70 cm,501-525 L,192 cm,74 cm
24.750 TL,70 cm,451-475 L,186 cm,71 cm
37.899 TL,70 cm,526-550 L,185 cm,70 cm
87.824 TL,84 cm,576-600 L,187 cm,74 cm
18.999 TL,70 cm,426-450 L,171 cm,71 cm
17.999 TL,70 cm,426-450 L,173 cm,71 cm
33.999 TL,70 cm,476-500 L,186 cm,80 cm
32.000 TL,70 cm,451-475 L,186 cm,74 cm
74.000 TL,70 cm,501-525 L,187 cm,70 cm
21.499 TL,70 cm,426-450 L,188 cm,66 cm
5.199 TL,45 cm,200 L ve altı,47 cm,49 cm
30.000 TL,70 cm,476-500 L,186 cm,80 cm
33.000 TL,76 cm,501-525 L,186 cm,75 cm
65.000 TL,91 cm,601+ L,178 cm,72 cm
22.998 TL,59 cm,326-350 L,185 cm,65 cm
99.800 TL,75 cm,576-600 L,188 cm,72 cm
5.000 TL,44 cm,0 - 90 L,51 cm,47 cm
35.000 TL,70 cm,426-450 L,185 cm,70 cm
18.999 TL,54 cm,201-225 L,145 cm,60 cm
28.999 TL,70 cm,526-550 L,188 cm,70 cm
34.299 TL,70 cm,476-500 L,172 cm,70 cm
61.999 TL,83 cm,601+ L,191 cm,74 cm
17.999 TL,70 cm,426-450 L,173 cm,71 cm
1.999 TL,,200 L ve altı,,30 cm ve altı
1.999 TL,,200 L ve altı,,30 cm ve altı
27.999 TL,70 cm,476-500 L,186 cm,74 cm
28.999 TL,71 cm,376-400 L,178 cm,69 cm
45.750 TL,75 cm,526-550 L,186 cm,84 cm
33.999 TL,70 cm,476-500 L,186 cm,80 cm
44.999 TL,83 cm,600-625 L,183 cm,74 cm
48.000 TL,75 - 90 cm,400 - 600 L,165 - 180 cm,70 - 75 cm
55.499 TL,86 cm,601+ L,186 cm,81 cm
98.500 TL,91 cm,601+ L,183 cm,73 cm
6.848 TL,48 cm,200 L ve altı,82 cm,50 cm
34.999 TL,74 cm,551-575 L,186 cm,80 cm
47.799 TL,84 cm,551-575 L,186 cm,75 cm
54.999 TL,91 cm,626-650 L,179 cm,71 cm
19.250 TL,54 cm,201-225 L,145 cm,60 cm
39.944 TL,75 cm,501-525 L,186 cm,80 cm
36.300 TL,75 cm,576-600 L,186 cm,80 cm
34.999 TL,70 cm,451-475 L,185 cm,75 cm
23.809 TL,70 cm,351-375 L,188 cm,70 cm
45.900 TL,86 cm,601+ L,186 cm,81 cm
26.999 TL,70 cm,476-500 L,187 cm,75 cm
64.900 TL,86 cm,601+ L,186 cm,84 cm
55.199 TL,70 cm,526-550 L,188 cm,70 cm
41.499 TL,86 cm,601+ L,186 cm,81 cm
47.000 TL,69 cm,551-575 L,77 cm,70 cm
179.999 TL,90 cm,576-600 L,190 cm,70 cm
51.700 TL,70 cm,501-525 L,193 cm,80 cm
34.599 TL,70 cm,551-575 L,193 cm,75 cm
14.699 TL,54 cm,251-275 L,160 cm,59 cm
7.699 TL,48 cm,0 - 90 L,82 cm,50 cm
48.499 TL,86 cm,576-600 L,184 cm,73 cm
69.899 TL,90 cm,576-600 L,182 cm,70 cm
39.000 TL,70 cm,476-500 L,186 cm,80 cm
43.990 TL,86 cm,601+ L,186 cm,80 cm
11.549 TL,54 cm,251-275 L,160 cm,64 cm
42.000 TL,84 cm,576-600 L,186 cm,75 cm
25.429 TL,70 cm,476-500 L,186 cm,75 cm
66.488 TL,86 cm,601+ L,186 cm,80 cm
83.999 TL,91 cm,601+ L,183 cm,73 cm
62.999 TL,75 - 90 cm,600 L +,180 - 195 cm,75 cm +
53.499 TL,75 cm,526-550 L,186 cm,82 cm
46.499 TL,83 cm,601+ L,191 cm,74 cm
55.199 TL,83 cm,601+ L,193 cm,76 cm
15.499 TL,59 cm,576-600 L,186 cm,60 cm
23.449 TL,70 cm,526-550 L,188 cm,70 cm
27.249 TL,70 cm,451-475 L,187 cm,75 cm
35.999 TL,74 cm,501-525 L,186 cm,75 cm
44.999 TL,84 cm,626-650 L,183 cm,75 cm
11.699 TL,58 cm,0 - 90 L,86 cm,54 cm
22.390 TL,70 cm,451-475 L,186 cm,74 cm
41.900 TL,84 cm,476-500 L,179 cm,69 cm
23.000 TL,70 cm,451-475 L,185 cm,70 cm
21.999 TL,70 cm,326-350 L,192 cm,71 cm
56.999 TL,86 cm,601+ L,186 cm,81 cm
28.999 TL,70 cm,501-525 L,192 cm,74 cm
40.000 TL,89 cm,526-550 L,177 cm,76 cm
"25.999,99 TL",70 cm,451-475 L,186 cm,74 cm
22.000 TL,70 cm,451-475 L,187 cm,75 cm
37.499 TL,78 cm,551-575 L,186 cm,75 cm
21.400 TL,49 cm,200 L ve altı,146 cm,55 cm
64.999 TL,86 cm,601+ L,188 cm,84 cm
28.200 TL,70 cm,451-475 L,186 cm,71 cm
23.500 TL,70 cm,376-400 L,172 cm,68 cm
4.900 TL,43 cm,200 L ve altı,46 cm,47 cm
29.999 TL,70 cm,476-500 L,188 cm,70 cm
59.999 TL,78 cm,551-575 L,187 cm,76 cm
26.999 TL,66 cm,351-375 L,172 cm,70 cm
45.299 TL,70 cm,501-525 L,192 cm,74 cm
31.290 TL,70 cm,476-500 L,186 cm,80 cm
5.490 TL,44 cm,200 L ve altı,56 cm,45 cm
84.900 TL,60 - 75 cm,400 - 600 L,180 - 195 cm,75 cm +
12.490 TL,59 cm,276-300 L,,55 cm
38.899 TL,74 cm,526-550 L,186 cm,75 cm
36.359 TL,70 cm,551-575 L,193 cm,80 cm
119.999 TL,91 cm,601+ L,178 cm,74 cm
36.000 TL,75 cm,501-525 L,186 cm,80 cm
57.999 TL,91 cm,551-575 L,179 cm,72 cm
"7.652,40 TL",47 cm,200 L ve altı,82 cm,50 cm
38.900 TL,70 cm,476-500 L,186 cm,80 cm
44.599 TL,82 cm,576-600 L,154 cm,65 cm
73.990 TL,70 cm,451-475 L,186 cm,75 cm
26.490 TL,70 cm,501-525 L,193 cm,80 cm
27.000 TL,70 cm,476-500 L,187 cm,75 cm
33.699 TL,79 cm,501-525 L,178 cm,72 cm
47.000 TL,76 cm,501-525 L,186 cm,73 cm
28.840 TL,70 cm,476-500 L,186 cm,80 cm
63.990 TL,70 cm,451-475 L,186 cm,74 cm
22.999 TL,70 cm,526-550 L,188 cm,70 cm
35.400 TL,70 cm,426-450 L,185 cm,70 cm
62.999 TL,84 cm,576-600 L,182 cm,74 cm
55.999 TL,92 cm,551-575 L,192 cm,78 cm
38.999 TL,70 cm,451-475 L,182 cm,73 cm
50.199 TL,84 cm,576-600 L,179 cm,80 cm
48.999 TL,76 cm,526-550 L,186 cm,72 cm
30.000 TL,70 cm,501-525 L,192 cm,74 cm
26.499 TL,70 cm,451-475 L,187 cm,72 cm
33.999 TL,70 cm,526-550 L,188 cm,70 cm
106.999 TL,92 cm,601+ L,183 cm,87 cm
36.000 TL,70 cm,476-500 L,186 cm,80 cm
35.000 TL,70 cm,426-450 L,185 cm,70 cm
26.600 TL,70 cm,501-525 L,192 cm,71 cm
18.799 TL,70 cm,426-450 L,185 cm,65 cm
89.000 TL,92 cm,601+ L,178 cm,72 cm
36.499 TL,75 cm,451-475 L,187 cm,74 cm
46.799 TL,74 cm,526-550 L,186 cm,75 cm
74.899 TL,86 cm,576-600 L,186 cm,81 cm
57.001 TL,84 cm,476-500 L,179 cm,69 cm
59.000 TL,83 cm,576-600 L,193 cm,76 cm
67.000 TL,86 cm,601+ L,186 cm,84 cm
16.979 TL,54 cm,201-225 L,145 cm,56 cm
37.299 TL,76 cm,451-475 L,178 cm,72 cm
109.900 TL,86 cm,576-600 L,188 cm,72 cm
44.000 TL,75 cm,501-525 L,186 cm,80 cm
31.999 TL,70 cm,451-475 L,186 cm,74 cm
45.999 TL,84 cm,576-600 L,182 cm,74 cm
41.399 TL,70 cm,476-500 L,186 cm,74 cm
29.999 TL,70 cm,476-500 L,186 cm,74 cm
27.950 TL,70 cm,451-475 L,186 cm,74 cm
48.999 TL,74 cm,526-550 L,186 cm,75 cm
24.799 TL,70 cm,401-425 L,179 cm,68 cm
47.900 TL,84 cm,476-500 L,179 cm,69 cm
23.500 TL,66 cm,351-375 L,172 cm,70 cm
49.589 TL,86 cm,576-600 L,186 cm,81 cm
39.499 TL,70 cm,451-475 L,186 cm,71 cm
47.980 TL,70 cm,476-500 L,186 cm,80 cm
40.999 TL,70 cm,551-575 L,193 cm,80 cm
35.999 TL,70 cm,451-475 L,187 cm,74 cm
58.000 TL,86 cm,601+ L,183 cm,81 cm
33.999 TL,74 cm,526-550 L,186 cm,75 cm
65.999 TL,91 cm,576-600 L,179 cm,70 cm
45.899 TL,78 cm,551-575 L,187 cm,76 cm
27.720 TL,70 cm,451-475 L,185 cm,70 cm
46.100 TL,86 cm,576-600 L,186 cm,81 cm
39.899 TL,70 cm,451-475 L,185 cm,74 cm
31.499 TL,70 cm,451-475 L,186 cm,71 cm
33.999 TL,69 cm,501-525 L,192 cm,74 cm
39.999 TL,70 cm,451-475 L,185 cm,74 cm
30.000 TL,71 cm,426-450 L,173 cm,70 cm
53.000 TL,84 cm,576-600 L,186 cm,75 cm
56.999 TL,86 cm,601+ L,186 cm,84 cm
45.999 TL,75 cm,526-550 L,186 cm,80 cm
25.749 TL,59 cm,301-325 L,186 cm,66 cm
60.000 TL,91 cm,501-525 L,190 cm,67 cm
28.298 TL,70 cm,326-350 L,185 cm,70 cm
22.001 TL,70 cm,426-450 L,183 cm,72 cm
68.888 TL,86 cm,601+ L,186 cm,82 cm
30.999 TL,70 cm,476-500 L,192 cm,74 cm
23.900 TL,70 cm,526-550 L,185 cm,72 cm
49.900 TL,70 cm,551-575 L,193 cm,80 cm
33.000 TL,84 cm,576-600 L,186 cm,75 cm
98.949 TL,92 cm,600-625 L,179 cm,75 cm
29.499 TL,70 cm,476-500 L,187 cm,75 cm
36.899 TL,88 cm,451-475 L,181 cm,65 cm
24.000 TL,72 cm,426-450 L,183 cm,70 cm
35.000 TL,70 cm,476-500 L,186 cm,74 cm
67.399 TL,91 cm,576-600 L,179 cm,70 cm
27.000 TL,70 cm,451-475 L,183 cm,72 cm
64.999 TL,70 cm,501-525 L,193 cm,80 cm
30.000 TL,74 cm,551-575 L,186 cm,80 cm
34.599 TL,70 cm,376-400 L,172 cm,71 cm
39.001 TL,76 cm,526-550 L,186 cm,74 cm
42.000 TL,75 cm,526-550 L,186 cm,80 cm
26.000 TL,70 cm,351-375 L,172 cm,65 cm
24.999 TL,70 cm,551-575 L,172 cm,70 cm
39.899 TL,74 cm,526-550 L,186 cm,75 cm
50.450 TL,84 cm,601+ L,187 cm,79 cm
29.899 TL,60 cm,326-350 L,190 cm,68 cm
35.999 TL,55 cm,251-275 L,178 cm,55 cm
30.999 TL,70 cm,476-500 L,185 cm,71 cm
12.800 TL,54 cm,276-300 L,160 cm,64 cm
41.990 TL,86 cm,601+ L,186 cm,80 cm
23.001 TL,70 cm,426-450 L,183 cm,72 cm
23.801 TL,70 cm,401-425 L,173 cm,72 cm
42.999 TL,83 cm,626-650 L,188 cm,76 cm
"17.998,80 TL",60 cm,276-300 L,173 cm,61 cm
57.499 TL,78 cm,551-575 L,187 cm,76 cm
33.999 TL,83 cm,451-475 L,181 cm,65 cm
80.100 TL,93 cm,601+ L,183 cm,77 cm
52.800 TL,83 cm,626-650 L,188 cm,76 cm
29.500 TL,70 cm,451-475 L,187 cm,75 cm
28.799 TL,70 cm,451-475 L,183 cm,73 cm
36.000 TL,70 cm,476-500 L,186 cm,80 cm
29.699 TL,70 cm,476-500 L,172 cm,70 cm
48.000 TL,75 cm,401-425 L,186 cm,80 cm
29.601 TL,70 cm,401-425 L,173 cm,72 cm
61.999 TL,86 cm,626-650 L,186 cm,81 cm
19.790 TL,70 cm,426-450 L,185 cm,65 cm
34.000 TL,77 cm,576-600 L,187 cm,72 cm
28.001 TL,76 cm,501-525 L,186 cm,75 cm
52.000 TL,75 cm,526-550 L,186 cm,80 cm
46.499 TL,83 cm,600-625 L,193 cm,76 cm
11.851 TL,54 cm,200 L ve altı,83 cm,59 cm
8.949 TL,70 cm,426-450 L,185 cm,70 cm
29.000 TL,60 - 75 cm,400 - 600 L,180 - 195 cm,60 - 65 cm
59.499 TL,84 cm,601+ L,187 cm,79 cm
1.599 TL,0-30 cm,0 - 90 L,0 - 30 cm,30 cm ve altı
56.000 TL,86 cm,601+ L,186 cm,81 cm
32.099 TL,76 cm,501-525 L,186 cm,75 cm
45.899 TL,83 cm,576-600 L,188 cm,76 cm
85.901 TL,84 cm,576-600 L,186 cm,75 cm
16.999 TL,60 cm,576-600 L,186 cm,65 cm
25.899 TL,60 cm,326-350 L,179 cm,63 cm
27.000 TL,70 cm,401-425 L,185 cm,65 cm
5.995 TL,47 cm,200 L ve altı,85 cm,45 cm
46.199 TL,78 cm,551-575 L,187 cm,76 cm
74.895 TL,70 cm,501-525 L,187 cm,70 cm
4.765 TL,44 cm,200 L ve altı,51 cm,47 cm
6.880 TL,48 cm,200 L ve altı,81 cm,50 cm
21.500 TL,70 cm,401-425 L,185 cm,66 cm
61.999 TL,88 cm,601+ L,187 cm,76 cm
483.000 TL,69 cm,551-575 L,182 cm,70 cm
20.999 TL,60 cm,576-600 L,191 cm,69 cm
24.500 TL,70 cm,451-475 L,183 cm,71 cm
35.999 TL,74 cm,526-550 L,186 cm,74 cm
45.795 TL,75 cm,526-550 L,186 cm,80 cm
16.999 TL,70 cm,426-450 L,183 cm,65 cm
49.999 TL,84 cm,576-600 L,186 cm,75 cm
32.000 TL,70 cm,476-500 L,186 cm,74 cm
39.749 TL,74 cm,526-550 L,186 cm,80 cm
28.000 TL,70 cm,426-450 L,185 cm,70 cm
68.999 TL,91 cm,551-575 L,182 cm,71 cm
44.999 TL,80 cm,426-450 L,180 cm,70 cm
42.250 TL,70 cm,501-525 L,193 cm,80 cm
19.999 TL,,400 - 600 L,,
58.999 TL,75 cm,576-600 L,186 cm,80 cm
32.500 TL,70 cm,426-450 L,185 cm,70 cm
43.300 TL,83 cm,601+ L,187 cm,76 cm
51.740 TL,86 cm,576-600 L,186 cm,81 cm
24.999 TL,70 cm,451-475 L,187 cm,75 cm
24.999 TL,60 cm,401-425 L,186 cm,65 cm
25.999 TL,74 cm,551-575 L,192 cm,74 cm
54.149 TL,70 cm,526-550 L,188 cm,70 cm
63.999 TL,75 cm,526-550 L,186 cm,80 cm
20.037 TL,49 cm,200 L ve altı,84 cm,58 cm
68.599 TL,74 cm,526-550 L,186 cm,86 cm
28.799 TL,70 cm,451-475 L,186 cm,72 cm
28.500 TL,70 cm,476-500 L,186 cm,80 cm
28.749 TL,70 cm,476-500 L,192 cm,71 cm
42.249 TL,83 cm,601+ L,191 cm,74 cm
45.000 TL,74 cm,551-575 L,186 cm,75 cm
46.150 TL,86 cm,601+ L,186 cm,81 cm
49.900 TL,70 cm,501-525 L,192 cm,74 cm
52.899 TL,74 cm,576-600 L,186 cm,75 cm
32.999 TL,70 cm,476-500 L,187 cm,75 cm
68.999 TL,86 cm,576-600 L,186 cm,84 cm
30.999 TL,74 cm,526-550 L,186 cm,80 cm
26.601 TL,70 cm,451-475 L,186 cm,72 cm
32.222 TL,70 cm,501-525 L,192 cm,74 cm
44.039 TL,86 cm,601+ L,184 cm,73 cm
19.000 TL,54 cm,251-275 L,160 cm,62 cm
25.429 TL,70 cm,526-550 L,188 cm,70 cm
35.979 TL,70 cm,451-475 L,185 cm,70 cm
40.000 TL,84 cm,576-600 L,186 cm,75 cm
46.999 TL,82 cm,551-575 L,187 cm,74 cm
229.000 TL,84 cm,526-550 L,177 cm,79 cm
18.399 TL,49 cm,200 L ve altı,84 cm,55 cm
19.099 TL,70 cm,426-450 L,183 cm,72 cm
26.799 TL,70 cm,401-425 L,185 cm,65 cm
24.990 TL,67 cm,426-450 L,188 cm,67 cm
26.360 TL,70 cm,476-500 L,186 cm,74 cm
36.500 TL,75 cm,576-600 L,186 cm,80 cm
34.500 TL,,,,
36.200 TL,75 cm,576-600 L,186 cm,80 cm
31.999 TL,74 cm,526-550 L,186 cm,75 cm
39.500 TL,70 cm,476-500 L,186 cm,80 cm
52.990 TL,70 cm,501-525 L,192 cm,74 cm
54.250 TL,40 cm,201-225 L,72 cm,50 cm
5.499 TL,48 cm,201-225 L,64 cm,44 cm
26.999 TL,70 cm,426-450 L,179 cm,73 cm
41.249 TL,86 cm,576-600 L,186 cm,84 cm
25.899 TL,51 cm,301-325 L,179 cm,63 cm
49.000 TL,70 cm,501-525 L,193 cm,80 cm
46.750 TL,77 cm,501-525 L,186 cm,74 cm
34.999 TL,70 cm,426-450 L,185 cm,70 cm
42.890 TL,70 cm,476-500 L,186 cm,80 cm
36.219 TL,70 cm,551-575 L,192 cm,74 cm
25.999 TL,59 cm,376-400 L,180 cm,61 cm
88.999 TL,92 cm,601+ L,183 cm,73 cm
80.499 TL,84 cm,576-600 L,182 cm,71 cm
47.500 TL,75 cm,526-550 L,186 cm,84 cm
49.249 TL,86 cm,201-225 L,186 cm,81 cm
40.999 TL,84 cm,576-600 L,186 cm,75 cm
32.899 TL,70 cm,451-475 L,186 cm,75 cm
58.990 TL,70 cm,451-475 L,186 cm,74 cm
74.999 TL,83 cm,601+ L,192 cm,75 cm
22.400 TL,66 cm,351-375 L,172 cm,70 cm
43.899 TL,70 cm,401-425 L,180 cm,70 cm
29.899 TL,60 cm,326-350 L,190 cm,68 cm
26.150 TL,70 cm,451-475 L,185 cm,70 cm
54.999 TL,91 cm,576-600 L,179 cm,71 cm
35.555 TL,70 cm,451-475 L,187 cm,74 cm
26.850 TL,70 cm,451-475 L,186 cm,74 cm
45.050 TL,84 cm,576-600 L,179 cm,80 cm
18.949 TL,70 cm,376-400 L,170 cm,62 cm
58.999 TL,75 cm,526-550 L,186 cm,80 cm
39.000 TL,86 cm,601+ L,186 cm,81 cm
44.999 TL,79 cm,526-550 L,186 cm,77 cm
30.999 TL,70 cm,376-400 L,172 cm,70 cm
35.999 TL,70 cm,551-575 L,193 cm,80 cm
20.999 TL,60 cm,576-600 L,191 cm,69 cm
38.999 TL,69 cm,476-500 L,196 cm,75 cm
35.999 TL,70 cm,451-475 L,178 cm,69 cm
"38.499,99 TL",75 cm,526-550 L,186 cm,80 cm
18.549 TL,70 cm,576-600 L,189 cm,72 cm
48.690 TL,70 cm,526-550 L,186 cm,80 cm
10.999 TL,40 cm,200 L ve altı,57 cm,47 cm
12.390 TL,65 cm,276-300 L,160 cm,65 cm
57.900 TL,78 cm,576-600 L,187 cm,78 cm
43.990 TL,86 cm,576-600 L,186 cm,80 cm
42.900 TL,60 - 75 cm,600 L +,180 - 195 cm,70 - 75 cm
32.999 TL,70 cm,376-400 L,172 cm,70 cm
43.000 TL,84 cm,576-600 L,194 cm,78 cm
21.449 TL,70 cm,501-525 L,185 cm,72 cm
48.000 TL,,90 - 200 L,,
100.000 TL,91 cm,600-625 L,175 cm,75 cm
5.500 TL,44 cm,200 L ve altı,57 cm,46 cm
53.400 TL,70 cm,526-550 L,188 cm,70 cm
46.000 TL,79 cm,526-550 L,186 cm,72 cm
45.000 TL,60 - 75 cm,400 - 600 L,180 - 195 cm,60 - 65 cm
38.999 TL,70 cm,476-500 L,186 cm,80 cm
25.999 TL,70 cm,451-475 L,182 cm,72 cm
32.800 TL,76 cm,451-475 L,178 cm,72 cm
36.399 TL,79 cm,501-525 L,179 cm,72 cm
49.999 TL,84 cm,576-600 L,186 cm,75 cm
30.999 TL,70 cm,476-500 L,172 cm,70 cm
35.999 TL,74 cm,551-575 L,186 cm,80 cm
49.000 TL,70 cm,501-525 L,193 cm,80 cm
26.799 TL,60 cm,401-425 L,186 cm,65 cm
15.249 TL,54 cm,251-275 L,161 cm,59 cm
32.999 TL,90 cm,526-550 L,177 cm,71 cm
29.999 TL,70 cm,326-350 L,178 cm,65 cm
56.999 TL,78 cm,551-575 L,188 cm,76 cm
38.000 TL,75 cm,526-550 L,186 cm,80 cm
29.999 TL,70 cm,451-475 L,186 cm,72 cm
21.601 TL,70 cm,401-425 L,173 cm,72 cm
6.666 TL,48 cm,200 L ve altı,84 cm,59 cm
32.459 TL,70 cm,476-500 L,186 cm,74 cm
56.750 TL,75 cm,526-550 L,186 cm,80 cm
39.449 TL,78 cm,551-575 L,198 cm,76 cm
79.499 TL,89 cm,601+ L,183 cm,72 cm
10.999 TL,47 cm,200 L ve altı,81 cm,50 cm
47.000 TL,84 cm,476-500 L,179 cm,69 cm
45.999 TL,70 cm,526-550 L,188 cm,70 cm
23.397 TL,70 cm,401-425 L,185 cm,64 cm
32.999 TL,60 cm,476-500 L,180 cm,60 cm
35.000 TL,70 cm,476-500 L,186 cm,74 cm
27.001 TL,70 cm,451-475 L,187 cm,72 cm
30.000 TL,71 cm,426-450 L,173 cm,70 cm
25.999 TL,70 cm,576-600 L,186 cm,72 cm
19.999 TL,70 cm,451-475 L,187 cm,72 cm
48.990 TL,75 cm,526-550 L,186 cm,80 cm
65.999 TL,86 cm,601+ L,186 cm,82 cm
45.001 TL,76 cm,501-525 L,186 cm,75 cm
79.900 TL,70 cm,476-500 L,186 cm,78 cm
49.480 TL,86 cm,576-600 L,186 cm,80 cm
28.300 TL,70 cm,451-475 L,185 cm,70 cm
41.999 TL,78 cm,551-575 L,186 cm,72 cm
14.001 TL,54 cm,200 L ve altı,83 cm,59 cm
36.999 TL,78 cm,551-575 L,186 cm,75 cm
29.899 TL,60 cm,326-350 L,190 cm,68 cm
68.000 TL,75 cm,526-550 L,186 cm,78 cm
62.800 TL,,600 L +,,84 cm
28.900 TL,70 cm,476-500 L,188 cm,70 cm
45.999 TL,79 cm,401-425 L,180 cm,70 cm
39.666 TL,70 cm,526-550 L,188 cm,70 cm
72.499 TL,92 cm,601+ L,183 cm,87 cm
41.001 TL,84 cm,576-600 L,186 cm,75 cm
57.999 TL,70 cm,526-550 L,185 cm,70 cm
42.299 TL,70 cm,501-525 L,193 cm,80 cm
67.000 TL,91 cm,501-525 L,190 cm,69 cm
52.399 TL,76 cm,476-500 L,192 cm,73 cm
"24.373,98 TL",70 cm,401-425 L,185 cm,65 cm
61.000 TL,91 cm,576-600 L,185 cm,75 cm
22.001 TL,54 cm,251-275 L,166 cm,63 cm
44.899 TL,83 cm,601+ L,192 cm,75 cm
30.000 TL,79 cm,476-500 L,199 cm,79 cm
"6.106,02 TL",48 cm,200 L ve altı,82 cm,50 cm
41.000 TL,75 cm,601+ L,186 cm,84 cm
33.999 TL,70 cm,476-500 L,185 cm,70 cm
68.888 TL,86 cm,601+ L,186 cm,84 cm
33.060 TL,84 cm,576-600 L,186 cm,75 cm
64.000 TL,83 cm,601+ L,191 cm,74 cm
"58.689,05 TL",60 cm,351-375 L,180 cm,60 cm
22.000 TL,70 cm,476-500 L,187 cm,79 cm
73.000 TL,86 cm,576-600 L,187 cm,74 cm
13.699 TL,54 cm,251-275 L,160 cm,41 cm
29.500 TL,60 cm,251-275 L,171 cm,64 cm
29.999 TL,70 cm,451-475 L,185 cm,70 cm
53.599 TL,91 cm,576-600 L,185 cm,77 cm
19.300 TL,46 cm,201-225 L,130 cm,50 cm
20.429 TL,70 cm,576-600 L,187 cm,72 cm
31.000 TL,70 cm,451-475 L,187 cm,72 cm
38.500 TL,83 cm,576-600 L,184 cm,70 cm
9.500 TL,47 cm,200 L ve altı,81 cm,50 cm
25.999 TL,70 cm,426-450 L,172 cm,65 cm
34.539 TL,74 cm,501-525 L,186 cm,75 cm
"43.299,99 TL",70 cm,451-475 L,182 cm,71 cm
13.989 TL,54 cm,276-300 L,160 cm,57 cm
24.800 TL,76 cm,501-525 L,186 cm,75 cm
17.222 TL,70 cm,476-500 L,183 cm,66 cm
17.499 TL,59 cm,276-300 L,176 cm,55 cm
29.990 TL,60 - 75 cm,400 - 600 L,180 - 195 cm,75 cm +
5.444 TL,48 cm,200 L ve altı,49 cm,44 cm
33.999 TL,60 cm,326-350 L,186 cm,66 cm
64.599 TL,82 cm,601+ L,191 cm,74 cm
29.645 TL,60 cm,251-275 L,187 cm,66 cm
64.788 TL,75 cm,526-550 L,186 cm,80 cm
26.999 TL,70 cm,451-475 L,183 cm,72 cm
64.999 TL,70 cm,526-550 L,188 cm,70 cm
39.800 TL,76 cm,526-550 L,186 cm,73 cm
23.749 TL,70 cm,401-425 L,173 cm,72 cm
80.000 TL,86 cm,600-625 L,186 cm,81 cm
56.500 TL,76 cm,526-550 L,186 cm,73 cm
40.999 TL,70 cm,476-500 L,187 cm,75 cm
47.999 TL,75 cm,526-550 L,186 cm,74 cm
25.900 TL,70 cm,426-450 L,180 cm,66 cm
41.999 TL,74 cm,576-600 L,186 cm,76 cm
13.900 TL,44 cm,200 L ve altı,140 cm,54 cm
51.999 TL,83 cm,601+ L,191 cm,74 cm
31.699 TL,79 cm,576-600 L,180 cm,75 cm
30.000 TL,79 cm,526-550 L,184 cm,71 cm
41.999 TL,78 cm,551-575 L,186 cm,75 cm
39.000 TL,70 cm,451-475 L,185 cm,71 cm
17.385 TL,59 cm,301-325 L,174 cm,60 cm
24.900 TL,70 cm,476-500 L,187 cm,75 cm
6.900 TL,44 cm,0 - 90 L,56 cm,45 cm
47.899 TL,74 cm,526-550 L,182 cm,69 cm
60.995 TL,74 cm,576-600 L,186 cm,75 cm
13.700 TL,54 cm,226-250 L,144 cm,57 cm
38.999 TL,74 cm,526-550 L,186 cm,80 cm
23.800 TL,60 cm,301-325 L,186 cm,65 cm
44.000 TL,79 cm,426-450 L,180 cm,70 cm
56.499 TL,78 cm,576-600 L,186 cm,76 cm
29.999 TL,70 cm,401-425 L,185 cm,65 cm
33.999 TL,74 cm,501-525 L,188 cm,70 cm
47.999 TL,83 cm,576-600 L,188 cm,76 cm
41.999 TL,78 cm,551-575 L,186 cm,75 cm
31.499 TL,70 cm,451-475 L,184 cm,72 cm
38.848 TL,83 cm,451-475 L,181 cm,65 cm
"41.272,04 TL",60 - 75 cm,400 - 600 L,180 - 195 cm,75 cm +
69.500 TL,86 cm,600-625 L,186 cm,86 cm
26.199 TL,70 cm,576-600 L,186 cm,72 cm
24.390 TL,70 cm,426-450 L,185 cm,65 cm
27.999 TL,60 cm,326-350 L,185 cm,70 cm
53.999 TL,70 cm,526-550 L,188 cm,70 cm
22.849 TL,70 cm,476-500 L,192 cm,71 cm
51.500 TL,70 cm,501-525 L,193 cm,80 cm
44.999 TL,74 cm,551-575 L,186 cm,76 cm
53.899 TL,75 cm,526-550 L,186 cm,80 cm
69.999 TL,71 cm,476-500 L,181 cm,70 cm
39.000 TL,70 cm,501-525 L,192 cm,74 cm
25.999 TL,70 cm,376-400 L,171 cm,67 cm
31.799 TL,54 cm,576-600 L,182 cm,59 cm
25.878 TL,59 cm,326-350 L,185 cm,65 cm
49.799 TL,83 cm,601+ L,193 cm,76 cm
4.200 TL,,200 L ve altı,,30 cm ve altı
42.000 TL,70 cm,451-475 L,185 cm,71 cm
44.801 TL,71 cm,451-475 L,191 cm,75 cm
44.890 TL,75 cm,526-550 L,186 cm,80 cm
44.599 TL,70 cm,476-500 L,186 cm,74 cm
67.500 TL,69 cm,351-375 L,194 cm,55 cm
44.999 TL,83 cm,601+ L,191 cm,74 cm
23.999 TL,76 cm,501-525 L,186 cm,75 cm
53.000 TL,84 cm,476-500 L,179 cm,69 cm
43.499 TL,82 cm,551-575 L,187 cm,74 cm
46.801 TL,70 cm,476-500 L,192 cm,72 cm
48.000 TL,78 cm,551-575 L,186 cm,75 cm
44.599 TL,70 cm,476-500 L,186 cm,74 cm
50.700 TL,83 cm,600-625 L,193 cm,76 cm
49.900 TL,60 - 75 cm,400 - 600 L,180 - 195 cm,75 cm +
12.000 TL,54 cm,200 L ve altı,84 cm,59 cm
61.900 TL,83 cm,601+ L,186 cm,74 cm
9.900 TL,45 cm,200 L ve altı,87 cm,52 cm
43.999 TL,70 cm,476-500 L,192 cm,75 cm
31.899 TL,74 cm,551-575 L,186 cm,74 cm
31.999 TL,70 cm,326-350 L,178 cm,64 cm
23.887 TL,59 cm,326-350 L,185 cm,65 cm
31.999 TL,60 cm,326-350 L,186 cm,65 cm
99.000 TL,72 cm,451-475 L,185 cm,65 cm
32.699 TL,79 cm,576-600 L,180 cm,75 cm
"31.999,99 TL",70 cm,476-500 L,187 cm,75 cm
5.900 TL,56 cm,201-225 L,45 cm,100 cm ve üstü
28.299 TL,70 cm,451-475 L,185 cm,71 cm
32.000 TL,75 cm,551-575 L,186 cm,75 cm
"38.144,91 TL",74 cm,526-550 L,186 cm,74 cm
52.399 TL,83 cm,601+ L,191 cm,74 cm
43.999 TL,70 cm,501-525 L,192 cm,75 cm
16.649 TL,59 cm,276-300 L,176 cm,55 cm
30.999 TL,74 cm,501-525 L,186 cm,80 cm
26.999 TL,70 cm,426-450 L,173 cm,72 cm
41.444 TL,70 cm,476-500 L,192 cm,74 cm
32.469 TL,70 cm,426-450 L,185 cm,70 cm
60.999 TL,74 cm,576-600 L,186 cm,75 cm
49.999 TL,70 cm,551-575 L,192 cm,74 cm
51.000 TL,76 cm,501-525 L,186 cm,74 cm
15.499 TL,54 cm,226-250 L,161 cm,57 cm
29.999 TL,75 cm,526-550 L,186 cm,70 cm
30.000 TL,60 cm,301-325 L,179 cm,63 cm
19.599 TL,70 cm,426-450 L,183 cm,72 cm
54.250 TL,40 cm,0 - 90 L,73 cm,50 cm
38.599 TL,70 cm,451-475 L,187 cm,72 cm
6.655 TL,45 cm,200 L ve altı,49 cm,49 cm
22.999 TL,70 cm,401-425 L,185 cm,65 cm
16.300 TL,45 cm,376-400 L,119 cm,49 cm
58.999 TL,70 cm,551-575 L,192 cm,75 cm
25.499 TL,60 cm,326-350 L,186 cm,67 cm
"42.140,52 TL",60 - 75 cm,400 - 600 L,180 - 195 cm,60 - 65 cm
29.899 TL,70 cm,476-500 L,172 cm,70 cm
62.000 TL,86 cm,601+ L,186 cm,84 cm
27.950 TL,70 cm,451-475 L,183 cm,72 cm
22.700 TL,70 cm,451-475 L,187 cm,72 cm
44.000 TL,75 - 90 cm,400 - 600 L,165 - 180 cm,70 - 75 cm
31.999 TL,70 cm,501-525 L,187 cm,75 cm
41.999 TL,84 cm,576-600 L,178 cm,70 cm
24.499 TL,60 cm,326-350 L,186 cm,67 cm
25.999 TL,70 cm,526-550 L,192 cm,71 cm
45.999 TL,78 cm,551-575 L,187 cm,76 cm
27.999 TL,59 cm,376-400 L,186 cm,65 cm
20.499 TL,70 cm,501-525 L,185 cm,72 cm
41.000 TL,70 cm,551-575 L,193 cm,84 cm
50.999 TL,71 cm,451-475 L,191 cm,75 cm
31.999 TL,70 cm,451-475 L,187 cm,75 cm
"36.713,10 TL",70 cm,501-525 L,192 cm,72 cm
66.839 TL,82 cm,526-550 L,178 cm,77 cm
29.000 TL,70 cm,451-475 L,186 cm,72 cm
30.999 TL,70 cm,426-450 L,185 cm,70 cm
31.999 TL,70 cm,451-475 L,187 cm,75 cm
21.999 TL,70 cm,576-600 L,189 cm,72 cm
38.999 TL,70 cm,501-525 L,192 cm,75 cm
32.999 TL,70 cm,451-475 L,185 cm,74 cm
23.499 TL,66 cm,351-375 L,172 cm,70 cm
41.900 TL,79 cm,501-525 L,179 cm,72 cm
69.000 TL,55 cm,276-300 L,177 cm,55 cm
29.999 TL,79 cm,526-550 L,184 cm,71 cm
41.500 TL,83 cm,601+ L,187 cm,82 cm
59.000 TL,70 cm,501-525 L,193 cm,80 cm
39.999 TL,84 cm,551-575 L,182 cm,74 cm
6.899 TL,48 cm,200 L ve altı,82 cm,50 cm
27.799 TL,70 cm,451-475 L,184 cm,75 cm
44.999 TL,74 cm,576-600 L,186 cm,76 cm
33.499 TL,70 cm,576-600 L,192 cm,73 cm
"45.778,91 TL",84 cm,576-600 L,186 cm,75 cm
72.000 TL,83 cm,501-525 L,177 cm,70 cm
45.000 TL,74 cm,526-550 L,186 cm,75 cm
49.999 TL,54 cm,301-325 L,177 cm,56 cm
41.347 TL,84 cm,601+ L,182 cm,75 cm
54.990 TL,74 cm,601+ L,187 cm,70 cm
52.499 TL,74 cm,400 - 600 L,185 cm,80 cm
16.799 TL,70 cm,426-450 L,183 cm,65 cm
49.500 TL,60 cm,376-400 L,180 cm,60 cm
49.601 TL,84 cm,476-500 L,179 cm,69 cm
52.149 TL,93 cm,576-600 L,93 cm,86 cm
66.488 TL,75 cm,526-550 L,186 cm,80 cm
48.900 TL,83 cm,626-650 L,188 cm,76 cm
406.910 TL,61 cm,226-250 L,182 cm,60 cm
39.450 TL,70 cm,526-550 L,185 cm,70 cm
42.999 TL,70 cm,476-500 L,186 cm,74 cm
33.799 TL,76 cm,451-475 L,178 cm,72 cm
22.000 TL,70 cm,401-425 L,185 cm,66 cm
41.600 TL,84 cm,626-650 L,187 cm,75 cm
27.999 TL,70 cm,476-500 L,187 cm,70 cm
18.949 TL,70 cm,576-600 L,173 cm,72 cm
49.801 TL,70 cm,326-350 L,183 cm,72 cm
35.327 TL,54 cm,226-250 L,177 cm,54 cm
29.999 TL,60 cm,276-300 L,187 cm,66 cm
27.499 TL,60 - 75 cm,400 - 600 L,180 - 195 cm,70 - 75 cm
4.999 TL,70 cm,426-450 L,185 cm,70 cm
29.989 TL,70 cm,426-450 L,185 cm,70 cm
38.750 TL,70 cm,501-525 L,192 cm,74 cm
26.500 TL,60 cm,301-325 L,186 cm,67 cm
54.000 TL,83 cm,601+ L,89 cm,70 cm
36.500 TL,70 cm,451-475 L,185 cm,77 cm
50.999 TL,56 cm,251-275 L,178 cm,55 cm
19.300 TL,46 cm,201-225 L,130 cm,50 cm
48.990 TL,75 cm,526-550 L,186 cm,80 cm
46.999 TL,70 cm,576-600 L,186 cm,84 cm
32.999 TL,87 cm,201-225 L,88 cm,54 cm
41.000 TL,70 cm,476-500 L,186 cm,80 cm
32.000 TL,70 cm,351-375 L,178 cm,65 cm
38.900 TL,76 cm,501-525 L,192 cm,72 cm
35.000 TL,72 cm,501-525 L,170 cm,81 cm
40.000 TL,76 cm,526-550 L,186 cm,74 cm
44.999 TL,,400 - 600 L,,
34.999 TL,74 cm,501-525 L,186 cm,75 cm
16.999 TL,70 cm,576-600 L,189 cm,65 cm
29.999 TL,,200 L ve altı,100 cm,100 cm ve üstü
56.999 TL,70 cm,451-475 L,182 cm,67 cm
67.699 TL,86 cm,576-600 L,186 cm,86 cm
29.000 TL,63 cm,301-325 L,179 cm,60 cm
34.500 TL,90 cm,90 - 200 L,87 cm,37 cm
66.000 TL,75 cm,501-525 L,186 cm,80 cm
50.999 TL,75 cm,526-550 L,186 cm,80 cm
7.990 TL,45 cm,200 L ve altı,56 cm,45 cm
35.999 TL,70 cm,501-525 L,192 cm,74 cm
36.999 TL,70 cm,451-475 L,186 cm,72 cm
42.699 TL,76 cm,501-525 L,192 cm,72 cm
69.498 TL,69 cm,376-400 L,190 cm,55 cm
29.999 TL,72 cm,401-425 L,173 cm,70 cm
35.549 TL,70 cm,451-475 L,186 cm,72 cm
38.899 TL,74 cm,526-550 L,186 cm,76 cm
49.999 TL,82 cm,551-575 L,187 cm,74 cm
48.990 TL,75 cm,526-550 L,186 cm,80 cm
34.999 TL,90 cm,551-575 L,177 cm,71 cm
26.659 TL,70 cm,426-450 L,185 cm,66 cm
72.500 TL,75 cm,526-550 L,186 cm,78 cm
13.699 TL,54 cm,276-300 L,160 cm,64 cm
24.999 TL,70 cm,476-500 L,192 cm,71 cm
52.500 TL,79 cm,526-550 L,186 cm,77 cm
23.369 TL,,400 - 600 L,,
30.898 TL,74 cm,551-575 L,186 cm,75 cm
78.999 TL,91 cm,576-600 L,185 cm,75 cm
51.000 TL,75 cm,400 - 600 L,186 cm,80 cm
8.297 TL,47 cm,200 L ve altı,82 cm,50 cm
59.999 TL,74 cm,526-550 L,186 cm,75 cm
52.000 TL,70 cm,501-525 L,193 cm,80 cm
45.499 TL,70 cm,426-450 L,190 cm,68 cm
78.699 TL,86 cm,601+ L,186 cm,84 cm
28.690 TL,48 cm,200 L ve altı,129 cm,58 cm
44.000 TL,75 cm,526-550 L,186 cm,80 cm
56.999 TL,84 cm,601+ L,182 cm,74 cm
101.740 TL,69 cm,376-400 L,193 cm,55 cm
48.999 TL,74 cm,526-550 L,186 cm,76 cm
71.531 TL,84 cm,551-575 L,182 cm,75 cm
69.950 TL,83 cm,576-600 L,189 cm,68 cm
6.999 TL,35 cm,401-425 L,52 cm,30 cm ve altı
79.000 TL,84 cm,626-650 L,186 cm,70 cm
59.400 TL,54 cm,201-225 L,97 cm,65 cm
12.999 TL,59 cm,200 L ve altı,83 cm,54 cm
46.990 TL,75 cm,526-550 L,186 cm,78 cm
18.999 TL,70 cm,426-450 L,173 cm,72 cm
67.799 TL,91 cm,576-600 L,185 cm,75 cm
5.490 TL,44 cm,200 L ve altı,56 cm,45 cm
41.990 TL,75 cm,526-550 L,186 cm,80 cm
38.999 TL,84 cm,601+ L,194 cm,78 cm
25.199 TL,70 cm,376-400 L,172 cm,68 cm
54.999 TL,86 cm,601+ L,186 cm,84 cm
104.975 TL,79 cm,401-425 L,180 cm,70 cm
23.999 TL,70 cm,451-475 L,184 cm,75 cm
55.999 TL,75 cm,526-550 L,186 cm,80 cm
36.975 TL,75 cm,501-525 L,176 cm,84 cm
6.999 TL,44 cm,201-225 L,56 cm,45 cm
28.900 TL,70 cm,451-475 L,183 cm,72 cm
31.000 TL,70 cm,451-475 L,186 cm,72 cm
58.999 TL,83 cm,601+ L,187 cm,76 cm
69.999 TL,89 cm,601+ L,183 cm,77 cm
26.900 TL,70 cm,476-500 L,186 cm,74 cm
22.949 TL,70 cm,576-600 L,186 cm,72 cm
29.999 TL,45 - 60 cm,200 - 400 L,180 - 195 cm,65 - 70 cm
12.700 TL,54 cm,200 L ve altı,83 cm,59 cm
37.894 TL,60 cm,301-325 L,187 cm,66 cm
22.249 TL,60 cm,326-350 L,186 cm,65 cm
33.699 TL,70 cm,476-500 L,192 cm,71 cm
24.499 TL,70 cm,426-450 L,185 cm,65 cm
29.999 TL,70 cm,401-425 L,185 cm,65 cm
"31.826,91 TL",75 cm,526-550 L,183 cm,74 cm
46.000 TL,70 cm,426-450 L,190 cm,68 cm
49.999 TL,70 cm,501-525 L,192 cm,74 cm
64.199 TL,84 cm,476-500 L,179 cm,69 cm
26.690 TL,70 cm,451-475 L,186 cm,74 cm
50.400 TL,75 cm,526-550 L,186 cm,84 cm
36.499 TL,76 cm,526-550 L,186 cm,73 cm
26.999 TL,70 cm,476-500 L,186 cm,71 cm
31.400 TL,70 cm,476-500 L,192 cm,72 cm
34.899 TL,70 cm,476-500 L,192 cm,72 cm
20.349 TL,70 cm,426-450 L,183 cm,65 cm
45.899 TL,78 cm,551-575 L,186 cm,75 cm
49.910 TL,83 cm,601+ L,186 cm,78 cm
37.499 TL,70 cm,426-450 L,185 cm,71 cm
27.000 TL,70 cm,451-475 L,188 cm,69 cm
48.090 TL,70 cm,426-450 L,185 cm,70 cm
"125.260,54 TL",57 cm,226-250 L,177 cm,55 cm
67.299 TL,75 cm,526-550 L,186 cm,78 cm
21.999 TL,70 cm,451-475 L,186 cm,72 cm
33.649 TL,70 cm,501-525 L,193 cm,80 cm
46.499 TL,70 cm,400 - 600 L,193 cm,84 cm
16.501 TL,54 cm,200 L ve altı,83 cm,59 cm
66.799 TL,91 cm,576-600 L,185 cm,75 cm
29.901 TL,60 cm,301-325 L,179 cm,63 cm
34.999 TL,70 cm,451-475 L,183 cm,72 cm
"25.831,91 TL",70 cm,451-475 L,188 cm,70 cm
68.950 TL,54 cm,201-225 L,97 cm,65 cm
39.900 TL,70 cm,501-525 L,193 cm,80 cm
84.900 TL,70 cm,476-500 L,186 cm,80 cm
29.898 TL,70 cm,501-525 L,192 cm,75 cm
50.789 TL,83 cm,601+ L,191 cm,74 cm
6.199 TL,50 cm,200 L ve altı,48 cm,82 cm
11.624 TL,32 cm,200 L ve altı,,32 cm
42.499 TL,60 - 75 cm,400 - 600 L,165 - 180 cm,70 - 75 cm
19.100 TL,45 cm,276-300 L,130 cm,48 cm
84.000 TL,86 cm,600-625 L,186 cm,84 cm
36.500 TL,70 cm,476-500 L,192 cm,72 cm
37.949 TL,70 cm,476-500 L,192 cm,75 cm
"15.505,08 TL",47 cm,200 L ve altı,85 cm,44 cm
41.999 TL,78 cm,551-575 L,186 cm,75 cm
48.799 TL,83 cm,601+ L,187 cm,82 cm
42.700 TL,78 cm,551-575 L,186 cm,75 cm
82.500 TL,91 cm,600-625 L,182 cm,71 cm
50.999 TL,83 cm,576-600 L,188 cm,76 cm
33.399 TL,60 cm,326-350 L,190 cm,68 cm
27.500 TL,70 cm,476-500 L,187 cm,75 cm
39.499 TL,70 cm,451-475 L,186 cm,71 cm
41.999 TL,70 cm,476-500 L,192 cm,71 cm
43.999 TL,60 - 75 cm,400 - 600 L,165 - 180 cm,70 - 75 cm
28.900 TL,59 cm,326-350 L,186 cm,65 cm
18.599 TL,70 cm,426-450 L,183 cm,72 cm
26.999 TL,70 cm,451-475 L,188 cm,69 cm
26.999 TL,61 cm,326-350 L,191 cm,69 cm
47.999 TL,83 cm,501-525 L,182 cm,65 cm
28.599 TL,70 cm,476-500 L,183 cm,73 cm
57.890 TL,82 cm,551-575 L,187 cm,74 cm
40.999 TL,71 cm,451-475 L,191 cm,75 cm
25.999 TL,70 cm,476-500 L,186 cm,71 cm
99.999 TL,90 cm,601+ L,193 cm,77 cm
"52.821,33 TL",,90 - 200 L,,
"34.999,90 TL",60 cm,201-225 L,187 cm,66 cm
25.949 TL,70 cm,451-475 L,185 cm,70 cm
10.997 TL,50 cm,200 L ve altı,82 cm,48 cm
59.499 TL,70 cm,551-575 L,192 cm,74 cm
27.999 TL,70 cm,576-600 L,192 cm,72 cm
59.500 TL,84 cm,400 - 600 L,187 cm,79 cm
44.401 TL,84 cm,476-500 L,179 cm,69 cm
34.301 TL,54 cm,226-250 L,177 cm,54 cm
40.600 TL,70 cm,376-400 L,172 cm,71 cm
27.699 TL,70 cm,426-450 L,183 cm,65 cm
39.999 TL,74 cm,501-525 L,186 cm,80 cm
53.549 TL,71 cm,451-475 L,191 cm,75 cm
41.810 TL,78 cm,526-550 L,185 cm,72 cm
44.000 TL,70 cm,476-500 L,186 cm,80 cm
18.750 TL,54 cm,276-300 L,160 cm,59 cm
36.990 TL,75 cm,576-600 L,186 cm,80 cm
17.949 TL,54 cm,226-250 L,161 cm,56 cm
73.990 TL,70 cm,476-500 L,186 cm,80 cm
44.599 TL,70 cm,476-500 L,186 cm,74 cm
"33.053,64 TL",70 cm,451-475 L,187 cm,75 cm
32.000 TL,70 cm,476-500 L,192 cm,73 cm
9.850 TL,54 cm,0 - 90 L,83 cm,59 cm
39.399 TL,84 cm,576-600 L,186 cm,75 cm
31.990 TL,70 cm,376-400 L,178 cm,64 cm
51.929 TL,75 cm,576-600 L,186 cm,80 cm
38.390 TL,84 cm,576-600 L,186 cm,75 cm
31.000 TL,60 cm,301-325 L,186 cm,67 cm
44.567 TL,74 cm,501-525 L,186 cm,76 cm
20.999 TL,,400 - 600 L,,
37.999 TL,70 cm,501-525 L,192 cm,74 cm
36.999 TL,70 cm,476-500 L,186 cm,74 cm
37.999 TL,75 cm,526-550 L,186 cm,80 cm
47.999 TL,70 cm,526-550 L,188 cm,70 cm
29.997 TL,70 cm,451-475 L,182 cm,72 cm
54.250 TL,40 cm,201-225 L,72 cm,50 cm
38.171 TL,70 cm,476-500 L,192 cm,74 cm
72.000 TL,86 cm,601+ L,186 cm,81 cm
44.000 TL,99 cm,251-275 L,87 cm,37 cm
51.890 TL,75 cm,526-550 L,186 cm,80 cm
16.899 TL,54 cm,200 L ve altı,83 cm,59 cm
22.999 TL,59 cm,200 L ve altı,81 cm,54 cm
45.800 TL,70 cm,476-500 L,186 cm,74 cm
38.899 TL,70 cm,451-475 L,187 cm,75 cm
40.000 TL,76 cm,526-550 L,186 cm,73 cm
"33.461,01 TL",70 cm,501-525 L,192 cm,72 cm
"29.478,78 TL",60 cm,401-425 L,187 cm,60 cm
24.378 TL,70 cm,401-425 L,185 cm,65 cm
52.500 TL,70 cm,551-575 L,192 cm,74 cm
85.063 TL,59 cm,376-400 L,185 cm,67 cm
6.249 TL,47 cm,200 L ve altı,49 cm,68 cm
66.000 TL,75 cm,526-550 L,186 cm,84 cm
34.900 TL,70 cm,426-450 L,183 cm,72 cm
"88.009,68 TL",71 cm,200 - 400 L,,75 cm
39.499 TL,70 cm,451-475 L,182 cm,72 cm
49.000 TL,84 cm,576-600 L,186 cm,75 cm
49.000 TL,76 cm,601+ L,195 cm,83 cm
53.999 TL,83 cm,626-650 L,188 cm,76 cm
42.999 TL,70 cm,551-575 L,187 cm,75 cm
29.000 TL,60 cm,301-325 L,186 cm,70 cm
19.899 TL,70 cm,401-425 L,173 cm,72 cm
58.000 TL,,400 - 600 L,,
45.499 TL,70 cm,426-450 L,190 cm,68 cm
49.000 TL,60 - 75 cm,400 - 600 L,180 - 195 cm,60 - 65 cm
42.000 TL,54 cm,251-275 L,177 cm,54 cm
22.999 TL,70 cm,451-475 L,185 cm,65 cm
52.799 TL,75 cm,526-550 L,186 cm,80 cm
29.300 TL,74 cm,251-275 L,91 cm,70 cm
21.900 TL,70 cm,501-525 L,185 cm,72 cm
55.999 TL,86 cm,601+ L,186 cm,84 cm
16.001 TL,54 cm,200 L ve altı,83 cm,59 cm
26.000 TL,70 cm,451-475 L,187 cm,72 cm
44.444 TL,70 cm,526-550 L,188 cm,70 cm
38.999 TL,70 cm,451-475 L,185 cm,74 cm
33.000 TL,70 cm,476-500 L,192 cm,72 cm
47.795 TL,70 cm,501-525 L,193 cm,80 cm
9.559 TL,,200 L ve altı,,30 cm ve altı
46.799 TL,60 - 75 cm,600 L +,180 - 195 cm,60 - 65 cm
53.999 TL,79 cm,526-550 L,185 cm,75 cm
53.920 TL,70 cm,526-550 L,186 cm,80 cm
47.999 TL,98 cm,476-500 L,192 cm,75 cm
34.999 TL,70 cm,376-400 L,193 cm,55 cm
64.599 TL,86 cm,601+ L,186 cm,84 cm
39.000 TL,70 cm,501-525 L,192 cm,75 cm
37.000 TL,66 cm,401-425 L,185 cm,66 cm
43.499 TL,78 cm,551-575 L,186 cm,75 cm
49.999 TL,84 cm,576-600 L,186 cm,75 cm
39.301 TL,76 cm,526-550 L,186 cm,74 cm
24.899 TL,70 cm,426-450 L,185 cm,65 cm
43.999 TL,70 cm,426-450 L,185 cm,70 cm
48.980 TL,75 cm,526-550 L,186 cm,80 cm
27.250 TL,70 cm,401-425 L,185 cm,66 cm
30.000 TL,70 cm,426-450 L,179 cm,72 cm
31.000 TL,70 cm,451-475 L,187 cm,72 cm
16.699 TL,45 - 60 cm,90 - 200 L,,65 - 70 cm
30.801 TL,70 cm,451-475 L,187 cm,72 cm
31.899 TL,60 cm,326-350 L,190 cm,68 cm
53.999 TL,84 cm,626-650 L,189 cm,75 cm
39.995 TL,76 cm,501-525 L,186 cm,75 cm
35.149 TL,76 cm,526-550 L,186 cm,74 cm
54.999 TL,55 cm,226-250 L,183 cm,54 cm
43.999 TL,74 cm,501-525 L,186 cm,76 cm
35.999 TL,74 cm,501-525 L,186 cm,86 cm
22.999 TL,60 cm,401-425 L,186 cm,65 cm
41.670 TL,84 cm,576-600 L,186 cm,75 cm
29.799 TL,70 cm,501-525 L,185 cm,72 cm
73.990 TL,70 cm,501-525 L,187 cm,72 cm
42.999 TL,70 cm,476-500 L,187 cm,75 cm
74.250 TL,90 cm,551-575 L,182 cm,70 cm
10.599 TL,47 cm,200 L ve altı,82 cm,50 cm
57.269 TL,83 cm,601+ L,187 cm,76 cm
52.799 TL,84 cm,626-650 L,187 cm,75 cm
9.299 TL,48 cm,200 L ve altı,82 cm,50 cm
32.000 TL,60 cm,301-325 L,179 cm,63 cm
15.966 TL,39 cm,376-400 L,,35 cm
"45.598,86 TL",84 cm,551-575 L,190 cm,74 cm
29.990 TL,70 cm,451-475 L,186 cm,72 cm
34.090 TL,76 cm,501-525 L,186 cm,75 cm
48.999 TL,75 cm,526-550 L,186 cm,80 cm
31.750 TL,79 cm,526-550 L,184 cm,71 cm
42.799 TL,70 cm,476-500 L,186 cm,74 cm
44.999 TL,83 cm,576-600 L,193 cm,76 cm
55.999 TL,70 cm,501-525 L,193 cm,80 cm
54.000 TL,59 cm,601+ L,186 cm,80 cm
21.697 TL,70 cm,426-450 L,185 cm,65 cm
49.999 TL,,,,
68.317 TL,74 cm,526-550 L,186 cm,75 cm
17.999 TL,59 cm,301-325 L,174 cm,60 cm
35.000 TL,74 cm,501-525 L,186 cm,75 cm
"37.599,99 TL",75 cm,576-600 L,186 cm,80 cm
28.999 TL,60 cm,0 - 90 L,185 cm,63 cm
34.900 TL,59 cm,351-375 L,184 cm,64 cm
32.499 TL,67 cm,376-400 L,82 cm,69 cm
23.500 TL,59 cm,226-250 L,132 cm,61 cm
22.399 TL,59 cm,301-325 L,172 cm,65 cm
32.000 TL,70 cm,451-475 L,186 cm,75 cm
39.250 TL,70 cm,451-475 L,186 cm,74 cm
40.789 TL,70 cm,501-525 L,192 cm,74 cm
31.999 TL,60 cm,251-275 L,193 cm,55 cm
9.999 TL,45 - 60 cm,0 - 90 L,,50 - 60 cm
44.001 TL,84 cm,601+ L,186 cm,75 cm
7.500 TL,47 cm,200 L ve altı,85 cm,44 cm
8.500 TL,45 cm,200 L ve altı,87 cm,52 cm
11.439 TL,54 cm,200 L ve altı,84 cm,84 cm
12.950 TL,59 cm,200 L ve altı,84 cm,54 cm
44.749 TL,78 cm,551-575 L,186 cm,75 cm
34.900 TL,70 cm,426-450 L,185 cm,70 cm
42.001 TL,76 cm,501-525 L,186 cm,75 cm
49.000 TL,83 cm,601+ L,191 cm,74 cm
46.999 TL,70 cm,501-525 L,192 cm,74 cm
30.000 TL,60 cm,301-325 L,179 cm,63 cm
7.196 TL,45 - 60 cm,90 - 200 L,,50 - 60 cm
38.500 TL,84 cm,576-600 L,186 cm,75 cm
26.699 TL,70 cm,526-550 L,185 cm,73 cm
10.699 TL,45 cm,200 L ve altı,56 cm,45 cm
45.000 TL,70 cm,476-500 L,192 cm,72 cm
44.999 TL,70 cm,476-500 L,186 cm,74 cm
47.499 TL,60 cm,200 - 400 L,190 cm,68 cm
21.490 TL,70 cm,476-500 L,183 cm,72 cm
29.500 TL,45 - 60 cm,200 - 400 L,180 - 195 cm,50 - 60 cm
22.999 TL,60 - 75 cm,400 - 600 L,180 - 195 cm,65 - 70 cm
40.450 TL,70 cm,501-525 L,192 cm,75 cm
71.499 TL,83 cm,501-525 L,177 cm,70 cm
26.990 TL,69 cm,201-225 L,91 cm,70 cm
44.900 TL,76 cm,501-525 L,186 cm,75 cm
34.999 TL,68 cm,376-400 L,179 cm,67 cm
39.999 TL,74 cm,576-600 L,186 cm,81 cm
34.851 TL,70 cm,476-500 L,192 cm,71 cm
39.999 TL,54 cm,90 - 200 L,81 cm,54 cm
8.290 TL,47 cm,200 L ve altı,81 cm,50 cm
48.990 TL,75 cm,526-550 L,186 cm,80 cm
11.449 TL,54 cm,576-600 L,83 cm,59 cm
39.899 TL,70 cm,476-500 L,192 cm,71 cm
39.901 TL,76 cm,526-550 L,186 cm,75 cm
44.999 TL,84 cm,476-500 L,179 cm,69 cm
67.000 TL,86 cm,601+ L,186 cm,84 cm
"53.622,25 TL",54 cm,301-325 L,177 cm,54 cm
22.499 TL,70 cm,576-600 L,189 cm,73 cm
51.999 TL,78 cm,551-575 L,187 cm,76 cm
62.999 TL,91 cm,576-600 L,179 cm,76 cm
14.974 TL,,200 L ve altı,,30 cm ve altı
49.700 TL,74 cm,576-600 L,186 cm,75 cm
49.099 TL,70 cm,501-525 L,193 cm,80 cm
16.300 TL,45 cm,201-225 L,122 cm,49 cm
79.013 TL,56 cm,226-250 L,192 cm,56 cm
39.999 TL,96 cm,576-600 L,93 cm,70 cm
41.301 TL,76 cm,501-525 L,186 cm,75 cm
28.199 TL,70 cm,476-500 L,187 cm,75 cm
29.500 TL,70 cm,451-475 L,182 cm,71 cm
37.699 TL,70 cm,476-500 L,187 cm,75 cm
24.999 TL,60 cm,301-325 L,172 cm,66 cm
22.399 TL,70 cm,426-450 L,183 cm,69 cm
43.999 TL,74 cm,476-500 L,186 cm,75 cm
39.601 TL,70 cm,451-475 L,187 cm,72 cm
53.900 TL,54 cm,251-275 L,177 cm,54 cm
26.788 TL,33 cm,200 L ve altı,,30 cm ve altı
39.749 TL,60 - 75 cm,400 - 600 L,180 - 195 cm,70 - 75 cm
13.601 TL,54 cm,200 L ve altı,83 cm,59 cm
48.990 TL,75 cm,526-550 L,186 cm,84 cm
22.247 TL,70 cm,401-425 L,185 cm,65 cm
65.999 TL,83 cm,,187 cm,76 cm
45.999 TL,84 cm,576-600 L,182 cm,74 cm
31.899 TL,60 cm,326-350 L,190 cm,68 cm
67.000 TL,86 cm,601+ L,186 cm,84 cm
14.891 TL,31 cm,351-375 L,33 cm,30 cm ve altı
41.097 TL,70 cm,551-575 L,192 cm,74 cm
65.999 TL,83 cm,601+ L,187 cm,76 cm
59.900 TL,,400 - 600 L,,
52.000 TL,70 cm,551-575 L,193 cm,80 cm
38.601 TL,76 cm,501-525 L,186 cm,75 cm
21.499 TL,70 cm,451-475 L,186 cm,72 cm
22.099 TL,70 cm,451-475 L,185 cm,70 cm
58.999 TL,84 cm,676-700 L,192 cm,75 cm
17.500 TL,54 cm,200 L ve altı,83 cm,59 cm
34.999 TL,,,,
45.999 TL,70 cm,451-475 L,186 cm,72 cm
69.900 TL,50 cm,201-225 L,50 cm,39 cm
54.599 TL,70 cm,526-550 L,188 cm,70 cm
54.999 TL,70 cm,451-475 L,185 cm,70 cm
37.119 TL,54 cm,201-225 L,178 cm,55 cm
26.690 TL,70 cm,451-475 L,183 cm,72 cm
64.999 TL,83 cm,451-475 L,187 cm,76 cm
"54.997,45 TL",60 cm,301-325 L,180 cm,60 cm
27.999 TL,70 cm,401-425 L,185 cm,66 cm
26.999 TL,54 cm,251-275 L,160 cm,59 cm
40.199 TL,84 cm,451-475 L,186 cm,75 cm
222.180 TL,55 cm,551-575 L,122 cm,55 cm
5.750 TL,44 cm,200 L ve altı,56 cm,46 cm
18.861 TL,34 cm,200 L ve altı,,30 cm ve altı
26.000 TL,70 cm,451-475 L,187 cm,72 cm
53.499 TL,70 cm,476-500 L,192 cm,75 cm
20.999 TL,70 cm,576-600 L,187 cm,72 cm
23.460 TL,70 cm,426-450 L,185 cm,65 cm
64.990 TL,48 cm,201-225 L,84 cm,57 cm
23.831 TL,,200 L ve altı,41 cm,30 cm ve altı
51.609 TL,75 cm,526-550 L,186 cm,84 cm
29.995 TL,74 cm,476-500 L,183 cm,70 cm
45.050 TL,79 cm,526-550 L,185 cm,72 cm
"30.376,61 TL",70 cm,476-500 L,187 cm,75 cm
11.439 TL,54 cm,576-600 L,83 cm,59 cm
47.990 TL,58 cm,200 L ve altı,,48 cm
10.399 TL,59 cm,201-225 L,83 cm,54 cm
73.435 TL,78 cm,551-575 L,187 cm,76 cm
36.800 TL,70 cm,476-500 L,186 cm,74 cm
13.299 TL,54 cm,200 L ve altı,84 cm,59 cm
58.000 TL,84 cm,476-500 L,179 cm,69 cm
55.000 TL,75 cm,526-550 L,186 cm,74 cm
57.000 TL,83 cm,601+ L,187 cm,76 cm
49.999 TL,70 cm,501-525 L,192 cm,74 cm
44.450 TL,70 cm,501-525 L,192 cm,74 cm
8.149 TL,47 cm,200 L ve altı,82 cm,50 cm
54.900 TL,83 cm,576-600 L,187 cm,83 cm
41.899 TL,84 cm,576-600 L,186 cm,75 cm
77.499 TL,90 cm,526-550 L,190 cm,90 cm
52.999 TL,78 cm,551-575 L,186 cm,75 cm
55.000 TL,74 cm,576-600 L,186 cm,75 cm
20.000 TL,59 cm,200 L ve altı,,54 cm
47.899 TL,60 cm,326-350 L,191 cm,68 cm
56.901 TL,84 cm,576-600 L,186 cm,75 cm
23.999 TL,60 cm,200 L ve altı,82 cm,55 cm
39.999 TL,76 cm,526-550 L,186 cm,75 cm
85.999 TL,89 cm,401-425 L,183 cm,70 cm
"49.135,61 TL",69 cm,476-500 L,196 cm,75 cm
20.328 TL,,200 L ve altı,,30 cm ve altı
39.458 TL,79 cm,501-525 L,179 cm,72 cm
13.999 TL,45 - 60 cm,90 - 200 L,,50 - 60 cm
21.599 TL,41 cm,200 L ve altı,72 cm,55 cm
56.599 TL,75 cm,576-600 L,186 cm,80 cm
29.199 TL,70 cm,451-475 L,185 cm,70 cm
30.219 TL,70 cm,501-525 L,185 cm,72 cm
17.999 TL,70 cm,401-425 L,173 cm,72 cm
17.134 TL,,200 L ve altı,,30 cm ve altı
49.201 TL,70 cm,451-475 L,186 cm,71 cm
44.999 TL,74 cm,476-500 L,186 cm,75 cm
41.819 TL,70 cm,501-525 L,193 cm,80 cm
19.100 TL,46 cm,201-225 L,130 cm,50 cm
31.999 TL,70 cm,426-450 L,185 cm,66 cm
32.500 TL,70 cm,476-500 L,192 cm,71 cm
278.414 TL,60 cm,226-250 L,162 cm,61 cm
41.444 TL,70 cm,476-500 L,192 cm,75 cm
14.998 TL,,200 L ve altı,,30 cm ve altı
39.999 TL,70 cm,451-475 L,185 cm,70 cm
28.000 TL,,400 - 600 L,,
40.500 TL,75 cm,501-525 L,176 cm,84 cm
34.000 TL,70 cm,401-425 L,185 cm,66 cm
10.899 TL,47 cm,201-225 L,82 cm,50 cm
35.000 TL,70 cm,501-525 L,187 cm,72 cm
56.500 TL,84 cm,526-550 L,186 cm,75 cm
45.250 TL,63 cm,401-425 L,184 cm,75 cm
6.999 TL,44 cm,201-225 L,50 cm,47 cm
23.599 TL,54 cm,251-275 L,160 cm,59 cm
49.999 TL,78 cm,551-575 L,187 cm,76 cm
42.199 TL,84 cm,576-600 L,186 cm,75 cm
12.000 TL,66 cm,200 L ve altı,73 cm,45 cm
32.500 TL,,90 - 200 L,,
31.799 TL,70 cm,451-475 L,183 cm,72 cm
22.499 TL,57 cm,200 L ve altı,59 cm,47 cm
24.999 TL,60 cm,90 - 200 L,84 cm,64 cm
60.999 TL,90 cm,501-525 L,190 cm,69 cm
48.500 TL,74 cm,526-550 L,186 cm,75 cm
49.999 TL,70 cm,476-500 L,192 cm,73 cm
38.599 TL,70 cm,451-475 L,187 cm,72 cm
31.899 TL,60 cm,326-350 L,190 cm,68 cm
44.999 TL,71 cm,451-475 L,191 cm,75 cm
25.500 TL,70 cm,376-400 L,170 cm,62 cm
74.000 TL,56 cm,200 L ve altı,45 cm,56 cm
50.000 TL,70 cm,501-525 L,192 cm,75 cm
99.000 TL,59 cm,301-325 L,172 cm,65 cm
17.134 TL,,200 L ve altı,,30 cm ve altı
53.200 TL,78 cm,551-575 L,186 cm,75 cm
16.999 TL,59 cm,301-325 L,174 cm,60 cm
56.749 TL,84 cm,576-600 L,186 cm,75 cm
"21.339,03 TL",59 cm,200 L ve altı,82 cm,54 cm
"47.999,99 TL",70 cm,501-525 L,193 cm,80 cm
38.800 TL,70 cm,476-500 L,192 cm,73 cm
69.950 TL,54 cm,251-275 L,177 cm,54 cm
43.650 TL,70 cm,476-500 L,186 cm,80 cm
79.600 TL,69 cm,301-325 L,193 cm,55 cm
15.966 TL,39 cm,376-400 L,,35 cm
67.867 TL,54 cm,226-250 L,177 cm,54 cm
99.999 TL,59 cm,201-225 L,45 cm,55 cm
21.799 TL,54 cm,251-275 L,160 cm,60 cm
55.749 TL,78 cm,551-575 L,186 cm,75 cm
67.867 TL,54 cm,226-250 L,177 cm,54 cm
38.500 TL,60 - 75 cm,400 - 600 L,180 - 195 cm,75 cm +
44.000 TL,78 cm,501-525 L,178 cm,75 cm
40.999 TL,59 cm,301-325 L,186 cm,66 cm
34.999 TL,70 cm,451-475 L,187 cm,75 cm
67.799 TL,91 cm,576-600 L,185 cm,75 cm
"38.584,82 TL",54 cm,226-250 L,177 cm,54 cm
44.999 TL,84 cm,576-600 L,194 cm,78 cm
22.999 TL,50 cm,200 L ve altı,83 cm,46 cm
67.872 TL,45 - 60 cm,200 - 400 L,165 - 180 cm,50 - 60 cm
13.500 TL,54 cm,90 - 200 L,83 cm,59 cm
27.500 TL,43 cm,200 L ve altı,74 cm,52 cm
27.500 TL,59 cm,251-275 L,180 cm,59 cm
64.352 TL,70 cm,501-525 L,192 cm,74 cm
"32.166,75 TL",36 cm,200 L ve altı,69 cm,46 cm
59.500 TL,78 cm,551-575 L,187 cm,76 cm
39.600 TL,54 cm,301-325 L,177 cm,54 cm
49.999 TL,70 cm,451-475 L,187 cm,75 cm
34.995 TL,70 cm,476-500 L,182 cm,72 cm
46.900 TL,60 cm,376-400 L,180 cm,60 cm
57.133 TL,70 cm,501-525 L,192 cm,72 cm
64.999 TL,83 cm,601+ L,187 cm,76 cm
14.400 TL,,,,
12.449 TL,48 cm,201-225 L,82 cm,50 cm
24.648 TL,70 cm,451-475 L,185 cm,65 cm
101.728 TL,69 cm,401-425 L,193 cm,54 cm
"54.914,25 TL",70 cm,451-475 L,192 cm,71 cm
39.900 TL,60 cm,326-350 L,190 cm,68 cm
41.399 TL,70 cm,451-475 L,187 cm,75 cm
67.881 TL,56 cm,226-250 L,177 cm,55 cm
19.001 TL,54 cm,226-250 L,161 cm,57 cm
15.000 TL,,,,
59.000 TL,84 cm,601+ L,187 cm,79 cm
47.899 TL,60 cm,326-350 L,191 cm,68 cm
41.000 TL,,400 - 600 L,,
56.999 TL,78 cm,551-575 L,186 cm,75 cm
45.000 TL,71 cm,451-475 L,191 cm,75 cm
43.900 TL,76 cm,501-525 L,176 cm,72 cm
59.499 TL,70 cm,501-525 L,192 cm,74 cm
29.000 TL,70 cm,451-475 L,180 cm,66 cm
43.198 TL,69 cm,601+ L,196 cm,71 cm
49.301 TL,70 cm,476-500 L,192 cm,73 cm
"499,89 TL",74 cm,526-550 L,186 cm,75 cm
39.564 TL,70 cm,476-500 L,185 cm,72 cm
58.999 TL,84 cm,576-600 L,186 cm,75 cm
59.000 TL,74 cm,526-550 L,186 cm,75 cm
36.199 TL,70 cm,451-475 L,183 cm,71 cm
46.199 TL,79 cm,501-525 L,179 cm,72 cm
44.000 TL,70 cm,476-500 L,192 cm,73 cm
28.800 TL,70 cm,451-475 L,183 cm,72 cm
57.133 TL,70 cm,501-525 L,192 cm,72 cm
108.003 TL,56 cm,251-275 L,178 cm,55 cm
76.734 TL,,,,
24.799 TL,70 cm,426-450 L,185 cm,70 cm
63.399 TL,70 cm,501-525 L,192 cm,72 cm
44.199 TL,60 cm,326-350 L,191 cm,68 cm
"24.999,99 TL",55 cm,226-250 L,143 cm,53 cm
44.000 TL,74 cm,501-525 L,186 cm,75 cm
30.999 TL,60 cm,326-350 L,186 cm,65 cm
7.900 TL,47 cm,200 L ve altı,81 cm,50 cm
"44.238,88 TL",54 cm,226-250 L,177 cm,54 cm
62.900 TL,70 cm,501-525 L,192 cm,71 cm
38.400 TL,60 cm,301-325 L,186 cm,70 cm
"48.250,12 TL",81 cm,200 L ve altı,67 cm,40 cm
28.999 TL,70 cm,476-500 L,183 cm,73 cm
"57.400,46 TL",78 cm,551-575 L,186 cm,75 cm
57.199 TL,79 cm,551-575 L,186 cm,72 cm
69.740 TL,55 cm,276-300 L,193 cm,55 cm
18.499 TL,60 cm,576-600 L,172 cm,66 cm
43.500 TL,59 cm,301-325 L,186 cm,66 cm
6.299 TL,40 cm,200 L ve altı,45 cm,45 cm
63.983 TL,78 cm,551-575 L,186 cm,75 cm
39.999 TL,84 cm,576-600 L,186 cm,75 cm
9.899 TL,43 cm,200 L ve altı,54 cm,39 cm
34.999 TL,59 cm,301-325 L,186 cm,66 cm
36.750 TL,60 cm,601+ L,,60 cm
7.999 TL,48 cm,201-225 L,82 cm,50 cm
29.999 TL,70 cm,476-500 L,187 cm,74 cm
41.799 TL,70 cm,476-500 L,185 cm,73 cm
47.899 TL,60 cm,326-350 L,191 cm,68 cm
"45.033,45 TL",,200 - 400 L,,
62.597 TL,74 cm,526-550 L,186 cm,76 cm
51.599 TL,70 cm,501-525 L,192 cm,75 cm
67.999 TL,76 cm,526-550 L,186 cm,73 cm
35.000 TL,60 cm,376-400 L,198 cm,58 cm
26.399 TL,70 cm,401-425 L,185 cm,66 cm
28.999 TL,70 cm,576-600 L,192 cm,72 cm
164.350 TL,60 cm,451-475 L,176 cm,67 cm
7.799 TL,,0 - 90 L,,
24.900 TL,70 cm,351-375 L,172 cm,65 cm
56.261 TL,74 cm,551-575 L,186 cm,75 cm
59.499 TL,56 cm,276-300 L,178 cm,55 cm
12.299 TL,54 cm,200 L ve altı,83 cm,59 cm
64.199 TL,84 cm,476-500 L,179 cm,69 cm
28.000 TL,55 cm,251-275 L,160 cm,55 cm
47.999 TL,50 cm,200 L ve altı,99 cm,51 cm
50.001 TL,71 cm,451-475 L,191 cm,75 cm
49.001 TL,70 cm,476-500 L,192 cm,73 cm
24.900 TL,99 cm,0 - 90 L,79 cm,70 cm
42.777 TL,70 cm,476-500 L,192 cm,75 cm
9.000 TL,48 cm,200 L ve altı,82 cm,50 cm
32.999 TL,76 cm,501-525 L,186 cm,75 cm
"39.359,20 TL",38 cm,201-225 L,76 cm,58 cm
38.899 TL,60 cm,301-325 L,179 cm,63 cm
49.499 TL,84 cm,576-600 L,186 cm,75 cm
100.000 TL,43 cm,200 L ve altı,62 cm,48 cm
28.000 TL,60 cm,201-225 L,87 cm,37 cm
72.150 TL,60 cm,251-275 L,165 cm,66 cm
61.890 TL,39 cm,200 L ve altı,60 cm,50 cm
12.200 TL,,90 - 200 L,,
31.280 TL,70 cm,476-500 L,186 cm,74 cm
67.799 TL,91 cm,576-600 L,185 cm,75 cm
30.999 TL,59 cm,301-325 L,186 cm,66 cm
56.775 TL,,,,
40.000 TL,60 cm,326-350 L,191 cm,68 cm
51.900 TL,70 cm,551-575 L,192 cm,74 cm
25.999 TL,40 cm,200 L ve altı,57 cm,50 cm
26.900 TL,41 cm,200 L ve altı,97 cm,48 cm
